Table S9. Fungal DESeq2 Differential Abundance Dataset,,,,,,,,,,,,,,,,,,,,,,,,,,
[Bulk soil versus Endosphere],,,,,,,,,,,,,,,,,,,,,,,,,,
Humboldy County (HC) [Bulk soil versus Endosphere],,,,,,,,,,,,,,,,,,,,,,,,,,
ASV,baseMean,log2FoldChange,lfcSE,stat,pvalue,padj,Phylum,Class,Order,Family,Genus,Guild,Secondary_lifestyle,Comment_on_lifestyle_template,Endophytic_interaction_capability_template,Plant_pathogenic_capacity_template,Decay_substrate_template,Decay_type_template,Aquatic_habitat_template,Animal_biotrophic_capacity_template,Specific_hosts,Growth_form_template,Fruitbody_type_template,Hymenium_type_template,,
AAGTCGTAACAAGGTCTCCGTAGGTGAACCTGCGGAGGGATCATTACAGAGTTCATGCCCTCCGGGTAGATCTCCCACCCATTGCTATCACTACTCTCGTTGCTTTGGCGGGCCGCTGGGCCCTGCCCGGCCGCCGGCCCCGGCTGGCGCGCGCCCGCCAGAGACCTCACAGACTCTGAATGTTAGTGTCGTCCGAGTAACTATATAATCGTTAAAACTTTCAACAACGGATCTCTTGGTTCTGGCATC,46.09516129,3.204613347,0.931078484,3.441829452,0.000577794,0.032188582,Ascomycota,Leotiomycetes,Helotiales,Amorphothecaceae,Oidiodendron,soil_saprotroph,root_endophyte,ericoid_mycorrhizal_O._maius,root_endophyte,root-associated,soil,,partly_aquatic,,,filamentous_mycelium,,,,
AAGTCGTAACAAGGTTTCCGTAGGTGAACCTGCGGAAGGATCATTCATAATAAGTGTTTTACTGCACTTTTTAAAAAATAGTATTTACCTTGTGTGCAATGTTGTGTGAGGTTCTCGAATCTCACACCTACACCAACCTATAACCTTGAACCACTTTGTCTGAAAAACTATTATGAATACTTAATTCAAAATACAACTTTCAACAACGGATCTCTTGGCTCTCGCATC,47.09479921,-2.674756621,0.905369991,-2.954324361,0.003133545,0.097488056,Mortierellomycota,Mortierellomycetes,Mortierellales,Mortierellaceae,Mortierella,soil_saprotroph,root-associated,,root-associated,root-associated,"roots,soil",chitinolytic,partly_aquatic,opportunistic_human_parasite,,filamentous_mycelium,none,none,,
AAGTCGTAACAAGGTTTCCGTAGGTGAACCTGCGGAAGGATCATTATTGAATACGAATCGGTTCTGATGCTGGCCCTTCACCGGGCATGTGCTCGCTCCGAATCTATTTATCTTCTCTTGTGCACCTCTTGTAGTCTTTGAAAAAGTGAACCTCTCGCAGCGATGCGGTCTGGGGGATTTGGGCCTAACACGCCCTTCCCCTGCTTGCTTTCTTCTTGGCTATGTTTTCATATACACTATAAAGTTACAGAATGTCTTTTAACGATTGTCGCTCGCGCGCAGTCATTAAACCTATACAACTTTCAGCAACGGATCTCTTGGCTCTCCCATC,50.86868757,7.302237337,2.197119191,3.323550842,0.000888792,0.035551688,Basidiomycota,Agaricomycetes,Agaricales,Mycenaceae,Mycena,litter_saprotroph,root-associated,wood_saprotroph_many_species,root-associated,leaf/fruit/seed_pathogen,leaf/fruit/seed,,non-aquatic,,,filamentous_mycelium,agaricoid,gills,,
AAGTCGTAACAAGGTTTCCGTAGGTGAACCTGCGGAAGGATCATTACAAGTGAGGCTACCGAACGTTGGAAACAGCGGTTAGGAGCTTACACCCACCCGTGTTTACATACTATTGTTGCTTTGGCGGGCCGTGGCCTCCACTGCGGGCTCTGCTCGTGTGTGCCCGCCAGAGAACCAAACTCTGAATGTTAGTGATGTCTGAGTACTATCTAATAGTTAAAACTTTCAACAACGGATCTCTTGGTTCTGGCATC,11.18261741,3.694732758,1.069936882,3.453224971,0.000553927,0.032188582,Ascomycota,Leotiomycetes,Helotiales,Mollisiaceae,Phialocephala,soil_saprotroph,root_endophyte,,root_endophyte_dark_septate,root-associated,"roots,soil",,non-aquatic,,,filamentous_mycelium,apothecium_(hymenium_on_surface),smooth,,
AAGTCGTAACAAGGTTTCCGTAGGTGAACCTGCGGAAGGATCATTATTGAATACGAATCGGTTCCTGATGCTGGCCCTTCACCGGGCATGTGCTCGCTCCGAGTCTATTTATCTTCTCTTGTGCACCTCTTGTAGTCTTTGAAAAAGTGAACCTCTCGCAGCGATGCGGTATGGGGGACTTGGGCCTCACACGCCCTTCCCCTGCTTGCTTTCTTCAAGGCTATGTTTTCATATACACTATAAAGTTACAGAATGTCTTTTAACGATTGTCGCTCGCGCGCAGTCATTAAACCTATACAACTTTCAGCAACGGATCTCTTGGCTCTCCCATC,10.13984958,22.12402525,2.912188008,7.597045652,3.03E-14,8.48E-12,Basidiomycota,Agaricomycetes,Agaricales,Mycenaceae,Mycena,litter_saprotroph,root-associated,wood_saprotroph_many_species,root-associated,leaf/fruit/seed_pathogen,leaf/fruit/seed,,non-aquatic,,,filamentous_mycelium,agaricoid,gills,,
,,,,,,,,,,,,,,,,,,,,,,,,,,
Point Reyes National Seashore (PRNS) [Bulk soil versus Endosphere],,,,,,,,,,,,,,,,,,,,,,,,,,
ASV,baseMean,log2FoldChange,lfcSE,stat,pvalue,padj,Phylum,Class,Order,Family,Genus,Guild,Secondary_lifestyle,Comment_on_lifestyle_template,Endophytic_interaction_capability_template,Plant_pathogenic_capacity_template,Decay_substrate_template,Decay_type_template,Aquatic_habitat_template,Animal_biotrophic_capacity_template,Specific_hosts,Growth_form_template,Fruitbody_type_template,Hymenium_type_template,,
AAGTCGTAACAAGGTTTCCGTAGGTGAACCTGCGGAAGGATCATTAGTGAACGCCCTCACGGGCTTATAACTATTCCAAACCTCTGTGAACCGTGCCCTTCGGGGCTATTTTACAAACATGGTGTAATGAACGTCATATATCATAACAAAACAAAACTTTCAACAACGGATCTCTTGGCTCTCGCATC,581.7542571,-2.923685421,0.686810978,-4.256899663,2.07E-05,0.000476747,Basidiomycota,Tremellomycetes,Tremellales,Trimorphomycetaceae,Saitozyma,soil_saprotroph,,,,,soil,,partly_aquatic,,,yeast,none,none,,
AAGTCGTAACAAGGTTTCCGTAGGTGAACCTGCGGAAGGATCATTAGTGAACGCCCTCACGGGCTTATAACTATTCCAAACCTCTGTGAACCGTGCCCTTCGGGGCTATTTTACAAACATGGTGTAATGAACGTCATAAATCATAACAAAACAAAACTTTCAACAACGGATCTCTTGGCTCTCGCATC,383.8217928,-2.308581763,0.596450955,-3.870530753,0.000108599,0.001942709,Basidiomycota,Tremellomycetes,Tremellales,Trimorphomycetaceae,Saitozyma,soil_saprotroph,,,,,soil,,partly_aquatic,,,yeast,none,none,,
AAGTCGTAACAAGGTTTCCGTAGGTGAACCTGCGGAAGGATCATTACCGAGTGAGGGCCCTCTGGGTCCAACCTCCCACCCGTGTTTATCGTACCTTGTTGCTTCGGCGGGCCCGCCTCACGGCCGCCGGGGGGCTTCTGCCCCCTGGCCCGCGCCCGCCGAAGACACCATTGAACGCTGTCTGAAGAATGCAGTCTGAGCAATTAGCTAAATAAGTTAAAACTTTCAACAACGGATCTCTTGGTTCCGGCATC,15.44834765,-7.172932119,1.54190779,-4.651985134,3.29E-06,0.000104786,Ascomycota,Eurotiomycetes,Eurotiales,Aspergillaceae,Penicillium,unspecified_saprotroph,foliar_endophyte,"toxin-producing,animal_parasite_some_species,mycoparasite_some_species",foliar_endophyte,,soil,mold,partly_aquatic,opportunistic_human_parasite,,filamentous_mycelium,,,,
AAGTCGTAACAAGGTTTCCGTAGGTGAACCTGCGGAAGGATCATTACTGAGTGAGGGCCCTCTGGGTCCAACCTCCCACCCGTGTTTATTGTACCTTGTTGCTTCGGTGAGCCCGCCTCACGGCCGCCGGGGGGCTTCTGCCCCCGGGCCCGCGCCCACCGAAGACACCATTGAACTCTGTCTGAAGATTGCAGTCTGAGCATAAACTAAATAAGTTAAAACTTTCAACAACGGATCTCTTGGTTCCGGCATC,11.65195247,-4.409689931,1.545566667,-2.853121787,0.004329203,0.034850082,Ascomycota,Eurotiomycetes,Eurotiales,Aspergillaceae,Penicillium,unspecified_saprotroph,foliar_endophyte,"toxin-producing,animal_parasite_some_species,mycoparasite_some_species",foliar_endophyte,,soil,mold,partly_aquatic,opportunistic_human_parasite,,filamentous_mycelium,,,,
AAGTCGTAACAAGGTCTCCGTAGGTGAACCTGCGGAGGGATCATTACAGAGTTCATGCCCTCCGGGTAGATCTCCCACCCACTGCTATCACTACTCTCGTTGCTTTGGCGGGCCGCTGGGCCCTGCCCGGCCGCCGGCCCCGGCTGGCGCGTGCCCGCCAGAGACCTCACAGACTCTGAATGTTAGTGTCGTCCGAGTAACTATACAATCGTTAAAACTTTCAACAACGGATCTCTTGGTTCTGGCATC,253.7568448,6.850550958,1.483968377,4.616372601,3.91E-06,0.000104786,Ascomycota,Leotiomycetes,Helotiales,Amorphothecaceae,Oidiodendron,soil_saprotroph,root_endophyte,ericoid_mycorrhizal_O._maius,root_endophyte,root-associated,soil,,partly_aquatic,,,filamentous_mycelium,,,,
AAGTCGTAACAAGGTTTCCGTAGGTGAACCTGCGGAAGGATCATTACCGAACCGTCGACACGAGTTGTTGCTGGTCCTCGAAAGGGGGCACGTGCACACTCTGTTTACACATCCACTCACACCTGTGCACTCTCTGTAGTTCTATGGCCTTGGGGACTCTGTCCTCTTGCTGTGGTCCTACATCTTTACACACACACTGTAATAAAGTTCATGGAATGTATGTCGCGTTTAACGCAATACAATACAACTTTCAGCAACGGATCTCTTGGCTCTCGCATC,90.58138452,-6.984057416,2.109924308,-3.310098562,0.000932631,0.010725259,Basidiomycota,Agaricomycetes,Thelephorales,Thelephoraceae,Tomentella,ectomycorrhizal,,,,,,,non-aquatic,,,filamentous_mycelium,corticioid,smooth,,
AAGTCGTAACAAGGTCTCCGTAGGTGAACCTGCGGAGGGATCATTACAGAGTTCTCGCCCTCGCGGGTAGATCTCCCACCCACTGTAATTGCTACCGTGTTGCTTTGGCGGGCCGCTGGGCCCAGCCCCGCCGCCGGCCCCGGCCGGCGCGTGCCCGCCAGAAGCCCCGCAAACTCTGAATGTCAGCGTCGTCTGAGTACTATATAATAGTTAAAACTTTCAACAACGGATCTCTTGGTTCTGGCATC,73.37423992,7.894584978,2.13947011,3.689972083,0.000224279,0.003610886,Ascomycota,Leotiomycetes,Helotiales,Amorphothecaceae,Oidiodendron,soil_saprotroph,root_endophyte,ericoid_mycorrhizal_O._maius,root_endophyte,root-associated,soil,,partly_aquatic,,,filamentous_mycelium,,,,
AAGTCGTAACAAGGTTTCCGTAGGTGAACCTGCGGAAGGATCATTACCGAGTGCGGGTCCCCTCGCGGGGCCCAACCTCCCACCCGTGTCTACCGTCACCTGTTGCTTCGGCGGGCCCGCCTTCGTGCCGCCGGGGGGCCCTCTGCGCCCCCGGGCCCGCGCCCGCCGAAGACTCTAGGAACACTGAATGAAGGATGCCGTCTGAGTCAACGACACAATCGTTAAAACTTTCAACAACGGATCTCTTGGTTCCGGCATC,2.904900681,-4.753923629,1.758567653,-2.703293001,0.00686562,0.046056865,Ascomycota,Eurotiomycetes,Eurotiales,Aspergillaceae,Penicillium,unspecified_saprotroph,foliar_endophyte,"toxin-producing,animal_parasite_some_species,mycoparasite_some_species",foliar_endophyte,,soil,mold,partly_aquatic,opportunistic_human_parasite,,filamentous_mycelium,,,,
AAGTCGTAACAAGGTCTCCGTAGGTGAACCTGCGGAGGGATCATTACAGAGTTCATGCCCTCCGGGTAGATCTCCCACCCATTGCTATCACTACTCTCGTTGCTTTGGCGGGCCGCTGGGCCCTGCCCGGCCGCCGGCCCCGGCTGGCGCGCGCCCGCCAGAGACCTCACAGACTCTGAATGTTAGTGTCGTCCGAGTAACTATACAATCGTTAAAACTTTCAACAACGGATCTCTTGGTTCTGGCATC,136.812422,4.040757291,1.139685937,3.545500704,0.000391868,0.005735522,Ascomycota,Leotiomycetes,Helotiales,Amorphothecaceae,Oidiodendron,soil_saprotroph,root_endophyte,ericoid_mycorrhizal_O._maius,root_endophyte,root-associated,soil,,partly_aquatic,,,filamentous_mycelium,,,,
AAGTCGTAACAAGGTTTCCGTAGGTGAACCTGCGGAAGGATCATTACCGAGTGAGGGCCCTCTGGGTCCAACCTCCCACCCGTGTTTATCGTACCTTGTTGCTTCGGCGGGCCCGCCTCACGGCCGCCGGGGGGCATCCGCCCCCGGGCCCGCGCCCGCCGAAGACACCATTGAACGCTGTCTGAAGATTGCAGTCTGAGCATCTTAGCTAAATCAGTTAAAACTTTCAACAACGGATCTCTTGGTTCCGGCATC,55.70595439,-3.670104464,1.411933924,-2.599345764,0.009340164,0.05783717,Ascomycota,Eurotiomycetes,Eurotiales,Aspergillaceae,Penicillium,unspecified_saprotroph,foliar_endophyte,"toxin-producing,animal_parasite_some_species,mycoparasite_some_species",foliar_endophyte,,soil,mold,partly_aquatic,opportunistic_human_parasite,,filamentous_mycelium,,,,
AAGTCGTAACAAGGTTTCCGTAGGTGAACCTGCGGAAGGATCATTAGTGAACGCCCTCACGGGCTTATAACTATTCCAAACCTCTGTGAACTGTGCCCTTCGGGGCTATTTTACAAACATGGTGTAATGAACGTCATATATCATAACAAAACAAAACTTTCAACAACGGATCTCTTGGCTCTCGCATC,74.03157191,-3.437141989,1.010640903,-3.400952781,0.000671514,0.008620706,Basidiomycota,Tremellomycetes,Tremellales,Trimorphomycetaceae,Saitozyma,soil_saprotroph,,,,,soil,,partly_aquatic,,,yeast,none,none,,
AAGTCGTAACAAGGTTTCCGTAGGTGAACCTGCGGAAGGATCATTACCGAGTGCGGGTTCCAACGAGCCCAACCTCCCACCCGTGTTTACTGTTACCGCGTTGCCTCGGCGGGCCCACCGGGGCCTGGCCCCGGTCGCCGGGGGGTGTCTGCCCCCGGGCCCGTGCCCGCCGAAGCGCCCGAGAACCCTGTCTGAATAGTGAGTCTGAGTGGAATTAAATCATTAAAACTTTCAACAACGGATCTCTTGGTTCCAGCATC,22.19618928,7.211727774,2.953003979,2.44216663,0.014599406,0.073794094,Ascomycota,Eurotiomycetes,Eurotiales,Trichocomaceae,Talaromyces,unspecified_saprotroph,,"hyperviariable,_thermophile,_some_species_animal_parasite_some_species_various_saprotrophs",,,"leaf/fruit/seed,soil,animal_material",mold,partly_aquatic,opportunistic_human_parasite,,filamentous_mycelium,,,,
AAGTCGTAACAAGGTTTTCGTAGGTGAACCTGCGGAAGGATCATTACAGAGCTGCGACTCCCTCGGGAGCCATCTCCACCCCTTGACTACCAAATATTGTTGCTTTGGCGGGCCGCGGCCCTGCCGCCGCCGGCCCCGGCTGGCGAGCGCCCGCCAGAGGCTTTTAAAATCTTGCTTGCAATGAGTCTGAGCGATACAAAAAATGCGAAAAACTTTCAACAACGGATCTCTTGGTTCTGGCATC,5.771542107,6.378067738,2.830026335,2.253713211,0.024214216,0.09996125,Ascomycota,Lecanoromycetes,Ostropales,Stictidaceae,Cryptodiscus,lichen_parasite,fungal_decomposer,saprotroph_unspecified_some_species,,,"fungal_material,algal_material",,non-aquatic,,,filamentous_mycelium,apothecium_(hymenium_on_surface),smooth,,
AAGTCGTAACAAGGTTTCCGTAGGTGAACCTGCGGAAGGATCATTAGTGAACGCCCTCACGGGCTTATAACTATTCCAAACCTCTGTGAACCGTGCCCTTTGGGGCTATTTTACAAACATGGTGTAATGAACGTCATATATCATAACAAAACAAAACTTTCAACAACGGATCTCTTGGCTCTCGCATC,44.21442646,-4.265218964,1.460065074,-2.921252648,0.00348627,0.034850082,Basidiomycota,Tremellomycetes,Tremellales,Trimorphomycetaceae,Saitozyma,soil_saprotroph,,,,,soil,,partly_aquatic,,,yeast,none,none,,
AAGTCGTAACAAGGTTTCCGTAGGTGAACCTGCGGAAGGATCATTACCAAGTATAGGAAGGCCCATTCACGTGCCCGGTTATTCCAGGTGCGGAAGGGGGCCCGACCTCGAATCTCTCTCTGCGTACGACTCCCTGTTGCTTCCCCGGGAGGGCGACATGCCACCCGGGGAAGGGCCCCCCCCCTGAGAGCACAACGATGCCGACAAATGCACCTGTAGAACTCACCACCCCGGCCGTCTGATGCCCGGCGCACCGATCAGGGCGCAGGGAGCCAGGACGTGGACCGCAAACGGATAGAAAAAACTTTCAACAACGGATCTCTTGGTTCCCGCATC,59.01314365,-7.21588118,1.749748481,-4.123953391,3.72E-05,0.000749504,Ascomycota,Pezizomycetes,Pezizales,Helvellaceae,Helvella,ectomycorrhizal,,,,,,,non-aquatic,,,filamentous_mycelium,apothecium_(hymenium_on_surface),smooth,,
AAGTCGTAACAAGGTTTCCGTAGGTGAACCTGCGGAAGGATCATTACCGAGTGAGGGTCCCTTGCGGGCCCAACCTCCCACCCGTGTTTAACTGTACCGTGTTGCTTCGGCGGGCCCACTGGGGGCCCCCTGGTCGCCTGGGGGCGTGAAACCCCCCGGGCCCGCGCCCGCCGGAGACCCCATTGAACCCTGAGTGAATCGAGTGTCAGTCTGAGTGTGATTTTTAATCATTAAAACTTTCAACAACGGATCTCTTGGTTCCGGCATC,38.21067055,-3.902100334,1.590897134,-2.452767215,0.014176204,0.073794094,Ascomycota,Eurotiomycetes,Eurotiales,Trichocomaceae,Sagenomella,unspecified_saprotroph,,"rock-inhabiting_some_species,animal_parasite_some_species",,,,mold,,opportunistic_human_parasite,,filamentous_mycelium,,,,
AAGTCGTAACAAGGTTTCCGTAGGTGAACCTGCGGAAGGATCATTACCGAACTGTCAACAAGAGTTGTTGCTGGTCCCTGTAATGGGGGCATGTGCACGCTCTGTTTACACATCCACTCACACCTGTGCACCCTCTGTAGTTCTATGGCCTGGGTGGGCTCTGCCCTCCTGCTGTGGTTCTACGTCTTTACACACACGCTACAATAAAGTCTTATGGAATGTATGTCGCGTTTAACGCAATTAAATACAACTTTCAGCAACGGATCTCTTGGCTCTCGCATC,4.031179092,21.97517686,2.957195462,7.431087035,1.08E-13,4.34E-12,Basidiomycota,Agaricomycetes,Thelephorales,Thelephoraceae,Tomentella,ectomycorrhizal,,,,,,,non-aquatic,,,filamentous_mycelium,corticioid,smooth,,
AAGTCGTAACAAGGTTTCCGTAGGTGAACCTGCGGAAGGATCATTACTGAGCGAAATAGGTGGCAAGGCTGTCGCTGGCTCAAACGAGCATGTGCACGTCTTTTGCTGCTTGCTTCATTCTCTTTTCCACCTGTGCACTCTTTGTAGACACTCGGGATGGGAGAGAGGTTGGCATTGATGGTTGACCTCTCTTGATATTGAAAAGTCTGGGTGTTTATGTATTTTTTGACATACACGGTTGAATGTCTATAGAATGAAATGTAGGCTTTTGTCAGCCTTTAAATGATAAAATACAACTTTCAACAACGGATCTCTTGGCTCTCGCATC,15.95863783,23.89450285,2.954969479,8.086209695,6.16E-16,4.95E-14,Basidiomycota,Agaricomycetes,Agaricales,Amanitaceae,Amanita,ectomycorrhizal,,,,,,,non-aquatic,,,filamentous_mycelium,agaricoid,gills,,
AAGTCGTAACAAGGTTTCCGTAGGTGAACCTGCGGAAGGATCATTACCGAGTGCGGGCCCTCTGGGTCCAACCTCCCACCCGTGTTTATTGTACCTTGTTGCTTCGGCGGGCCCGCCATTCTGGCCGCTAAGGGGCACCTGCCCCTACGCCCGCGCCCGCCGAAGACACCTCGAACTCTGTCTGAAGATTGAAGTCTGAGTGAAAATACAAATAAGTTAAAACTTTCAACAACGGATCTCTTGGTTCCGGCATC,17.11918628,-2.849110708,1.162326515,-2.451213727,0.014237539,0.073794094,Ascomycota,Eurotiomycetes,Eurotiales,Aspergillaceae,Penicillium,unspecified_saprotroph,foliar_endophyte,"toxin-producing,animal_parasite_some_species,mycoparasite_some_species",foliar_endophyte,,soil,mold,partly_aquatic,opportunistic_human_parasite,,filamentous_mycelium,,,,
AAGTCGTAACAAGGTTTCCGTAGGTGAACCTGCGGAAGGATCATTACCGAGTGCGGGCCCTCGCGGCCCAACCTCCCACCCTTGTCTCTATACACCTGTTGCTTTGGCGGGCCCACCGGGGCCACCCGGTCGCCGGGGGACGTTGTCCCCGGGCCCGCGCCCGCCGAAGCGCCCTGTGAACCCTGATGAAGATGGGCTGTCTGAGTACTATGAAAATTGTCAAAACTTTCAACAATGGATCTCTTGGTTCCGGCATC,17.80801756,-5.730189865,2.183738327,-2.624027702,0.008689672,0.055961486,Ascomycota,Eurotiomycetes,Eurotiales,Trichocomaceae,Talaromyces,unspecified_saprotroph,,"hyperviariable,_thermophile,_some_species_animal_parasite_some_species_various_saprotrophs",,,"leaf/fruit/seed,soil,animal_material",mold,partly_aquatic,opportunistic_human_parasite,,filamentous_mycelium,,,,
AAGTCGTAACAAGGTCTCCGTAGGTGAACCTGCGGAGGGATCATTACCGAGCGAGGGCGCCCCGCGCCCGACCTCCCAACCCTCTGTTAACCGTACCGCGTTGCCTCGGGGTGGCCCTCACCGGCGCCCCAGAGGACGTCCATCAAAACCCTGCGTCTTTGCGTCGGAGTATTAGTTTGAATCAATCAAAACTTTCAACAACGGATCTCTTGGTTCTGGCATC,26.30150827,3.965647054,1.366785021,2.9014417,0.003714499,0.034850082,NA,NA,NA,NA,NA,NA,NA,NA,NA,NA,NA,NA,NA,NA,NA,NA,NA,NA,,
AAGTCGTAACAAGGTTTCCGTAGGTGAACCTGCGGAAGGATCATTATCGTATATAAACTTGAACAGGCTGTTGCTGGCTCTCCCTCTGGAGTGTGTGTGCACGCTTGTCTCATCTTTATTATTTCTCCAACTGTGCACATTTTGTAGATCCTGGAAAGGCCCTTTATGAATGTTCTCATTCGAGTAGGGACTGCTGTCGCTTTTCTTTGAAAGGCCGGCTTTGCCTTTTTGCCTTCCAGGTCTATGTCATTTTCCACAACCTCTCAAACGAGTTTAGAATGTCTTATTAAGTGAAATATACAACTTTCAGCAACGGATCTCTTGGCTCTCGCATC,7.343032739,-6.100296904,2.690937675,-2.266978147,0.023391561,0.099106349,Basidiomycota,Agaricomycetes,Agaricales,Inocybaceae,Inocybe,ectomycorrhizal,,,,,,,non-aquatic,,,filamentous_mycelium,agaricoid,gills,,
AAGTCGTAACAAGGTTTCCGTAGGTGAACCTGCGGAAGGATCATTAGTGAACGCCCTCACGGGCTTATAACTATTCCAAACCTCTGTGAACCGTGCCCTTCGGGGCTGTTTTACAAACATGGTGTAATGAACGTCATAAATCATAACAAAACAAAACTTTCAACAACGGATCTCTTGGCTCTCGCATC,9.669371667,-23.19271881,2.506114104,-9.254454445,2.15E-20,3.47E-18,Basidiomycota,Tremellomycetes,Tremellales,Trimorphomycetaceae,Saitozyma,soil_saprotroph,,,,,soil,,partly_aquatic,,,yeast,none,none,,
AAGTCGTAACAAGGTCTCCGTTGGTGAACCAGCGGAGGGATCATTACCGAGTTTACAACTCCCAAACCCCTGTGAACATACCACTTGTTGCCTCGGCGGATCAGCCCGCTCCCGGTAAAACGGGACGGCCCGCCAGAGGACCCCTAAACTCTGTTTCTATATGTAACTTCTGAGTAAAACCATAAATAAATCAAAACTTTCAACAACGGATCTCTTGGTTCTGGCATC,1.985778379,-3.802120078,1.557929882,-2.440494995,0.014667149,0.073794094,NA,NA,NA,NA,NA,NA,NA,NA,NA,NA,NA,NA,NA,NA,NA,NA,NA,NA,,
AAGTCGTAACAAGGTTTCCGTAGGTGAACCTGCGGAAGGATCATTACCGAGTGAGGGCCCTCTGGGTCCAACCTCCCACCCGTGTTTACCATACCCTGTTGCTTCGGCGGGCCCGCCCTCAGCGGCCGCCGGGAGGGCCCCTTGCGCCTCCGGGCCCGCGCCCGCCGAAGACACCTGTGAACGCTTCTATTGAAGATTGCAGTCTGAGTGATTTTTTCCAAATCAATCAAAACTTTCAACAACGGATCTCTTGGTTCCGGCATC,16.13486261,-5.179967447,1.807020612,-2.866579059,0.004149345,0.034850082,Ascomycota,Eurotiomycetes,Eurotiales,Aspergillaceae,Phialomyces,mycoparasite,soil_saprotroph,,,,"soil,fungal_material",mold,non-aquatic,,,filamentous_mycelium,,,,
AAGTCGTAACAAGGTTTCCGTAGGTGAACCTGCGGAAGGATCATTAGTGAACGCCCTCACGGGCTTATAACCATTCCAAACCTCTGTGAACCGTGCCCTTCGGGGCTATTTTACAAACATGGTGTAATGAACGTCATATATCATAACAAAACAAAACTTTCAACAACGGATCTCTTGGCTCTCGCATC,14.2104683,-7.052492126,2.079695444,-3.391117745,0.000696082,0.008620706,Basidiomycota,Tremellomycetes,Tremellales,Trimorphomycetaceae,Saitozyma,soil_saprotroph,,,,,soil,,partly_aquatic,,,yeast,none,none,,
AAGTCGTAACAAGGTTTCCGTAGGTGAACCTGCGGAAGGATCATTATAGTGAAAAGCTATAGACTTGGTGTCTAAGGATGAAACCATAAAGGTTAATCCTACACCGCCCAACCTTGTTAATAAATTTAACGTTACCTCGGTAGGTTAGCCTGCCGGTGGACAATTTAAAAACCTTTTTAAACATACCTGTAAATACATTTGTCTGATAATTTTTAAAATAAAATTAAAACTTTCAACAACGGATCTCTTGGTTCTGGCATC,10.51036531,4.052554576,1.455993124,2.783361066,0.00537989,0.039258634,NA,NA,NA,NA,NA,NA,NA,NA,NA,NA,NA,NA,NA,NA,NA,NA,NA,NA,,
AAGTCGTAACAAGGTTTCCGTAGGTGAACCTGCGGAAGGATCATTAATGAAACGAATGTCGAGAGGGGTTGTAGCTGGCCTTTTGGGGCATGTGCACACCTCGATCGCATATCTACCTCTCACACCTGTGCACTACGTGTAGCTTGGGATGATCACGACGTTAGAAATGACGTCGAAAGCCCTAGCTATGATTTTTTTATAAACCCATGTATGTTACGGAATGTATGACGTTATAGTGCGTAACAGCACGAATATATACAACTTTCAGCAACGGATCTCTTGGCTCTCGCATC,4.847604848,22.23685185,2.956695891,7.520845115,5.44E-14,2.92E-12,Basidiomycota,Agaricomycetes,Thelephorales,Thelephoraceae,Pseudotomentella,ectomycorrhizal,,,,,,,non-aquatic,,,filamentous_mycelium,corticioid,smooth,,
AAGTCGTAACAAGGTTTCCGTAGGTGAACCTGCGGAAGGATCATTACCGAGTGAGGGCCCTCTGGGTCCAACCTCCCACCCGTGTCTATCGTACCTTGTTGCTTCGGCGGGCCCGCCTCACGGCCGCCGGGGGGCTTCTGCCCTCTGGCCCGCGCCCGCCGAAGACACCATTGAACGCTGTCTGAAGATTGCAGTCTGAGCAATTAGCTAAATAAGTTAAAACTTTCAACAACGGATCTCTTGGTTCCGGCATC,9.279247183,-6.022084821,2.102069491,-2.864836223,0.00417225,0.034850082,Ascomycota,Eurotiomycetes,Eurotiales,Aspergillaceae,Penicillium,unspecified_saprotroph,foliar_endophyte,"toxin-producing,animal_parasite_some_species,mycoparasite_some_species",foliar_endophyte,,soil,mold,partly_aquatic,opportunistic_human_parasite,,filamentous_mycelium,,,,
AAGTCGTAACAAGGTTTCCGTAGGTGAACCTGCGGAAGGATCATTACCGAGTGAGGGCCCTCTGGGTCCAACCTCCCACCCGTGTTTATCGTACCTTGTTGCTTCGGCGGGCCCGCCTCACGGCCGCCGGGGGGCACCCGCCCCCGGGCCCGCGCCCGCCGAAGACACCATTGAACGCTGTCTGAAGATTGCAGTCTGAGCATCTTAGCTAAATCAGTTAAAACTTTCAACAACGGATCTCTTGGTTCCGGCATC,6.951504571,6.487132039,2.543017897,2.550958075,0.010742725,0.06405847,Ascomycota,Eurotiomycetes,Eurotiales,Aspergillaceae,Penicillium,unspecified_saprotroph,foliar_endophyte,"toxin-producing,animal_parasite_some_species,mycoparasite_some_species",foliar_endophyte,,soil,mold,partly_aquatic,opportunistic_human_parasite,,filamentous_mycelium,,,,
AAGTCGTAACAAGGTTTCCGTAGGTGAACCTGCGGAAGGATCATTACCGTGATGTGCAGTGAACGAGTGTGAAGCGGTGGGCGGCGCTGCGAGGCGCCAGCACCACGGCAAGACGAACGTGTGACGTGAGTAGAGAGTAGTACACAACATAACTTTTAACAATGGATCTCTTGGCTCTCGCATC,5.260167574,-4.07834082,1.685825715,-2.41919481,0.015554907,0.075889093,NA,NA,NA,NA,NA,NA,NA,NA,NA,NA,NA,NA,NA,NA,NA,NA,NA,NA,,
AAGTCGTAACAAGGTTTCCGTAGGTGAACCTGCGGAAGGATCATTACAAATCTGGTTGTGGGTGGGGTTGGTGGGAGAGGGTTCTGCTTTGCGGCGGACGCTCTCACACGGCCCTGCCAAACATTTGCGCTTGCTGTGTTTGACAGAGTGACGGTTGGATAAGATATAAGAGACAACTCTTAACAATGGATCTCTAGGCTCCTGCAAC,7.199629415,-4.179045173,1.821292909,-2.294548643,0.021759004,0.094681073,NA,NA,NA,NA,NA,NA,NA,NA,NA,NA,NA,NA,NA,NA,NA,NA,NA,NA,,
AAGTCGTAACAAGGTAACCGTAGGTGAACCTGCGGTTGGATCATTACTGATTACCAGCTCTCGGGTTGATTCGCAAGAGTCCTCGAGAGTTGATCAACCCTTTGTGCACTGTTCTGTTTTTTGGGTCTCGTTGCCTTTTTGGGCGTGAGACGAGGCCCAGCATTATACAAACCATACCAATTTTGACTTAATCCTATGAAAATAGAAACAACTTTTGACAACGGATCTCTTGGCTCTCGCAAC,3.461301643,-3.852231587,1.381180624,-2.789086033,0.005285702,0.039258634,NA,NA,NA,NA,NA,NA,NA,NA,NA,NA,NA,NA,NA,NA,NA,NA,NA,NA,,
AAGTCGTAACAAGGTCTCCGTTGGTGAACCAGCGGAGGGATCATTACCGAGTTATACAACTCCCAAACCCATGTGAACTTACCTGTCGTTGCTTCGGCGGACCGCCCCGGGGCCCATCGGCCCCGGACCCACGGCGCCCGCCGGGGGCTCGAAAGACTCTTGTTTTTTTCTACGCAGACTTCTGAGTGGCATTTATTACAAATAAATCAAAACTTTCAACAACGGATCTCTTGGTTCTGGCATC,3.147535921,-4.877611087,1.66058263,-2.937288997,0.003310954,0.034850082,Ascomycota,Sordariomycetes,Hypocreales,Bionectriaceae,Acremonium,unspecified_saprotroph,foliar_endophyte,hypervariable,foliar_endophyte,leaf/fruit/seed_pathogen,"leaf/fruit/seed,soil,dung,animal_material",soft_rot,partly_aquatic,,,filamentous_mycelium,,,,
AAGTCGTAACAAGGTCTCCGTTGGTGAACCAGCGGAGGGATCATTACCGAGTTGCAAAACTCCCAAACCCACTGTGAACCAATACCACTGTTGCTTCGGCGGACACGCCCCGGGCGCACCTCCTCAGGGGGTGTGCCCCGGAACCAGGCGCCCGCCGGGGGACCGAAACCTCTGTATCTACCATTCGAGTACTCTGAGTGTGATTTACAAAATCAAAATTAAAACTTTCAACAACGGATCTCTTGGCTCTAGCATC,3.109141352,-4.864982407,1.756412525,-2.76984042,0.005608376,0.039258634,Ascomycota,Sordariomycetes,Hypocreales,Bionectriaceae,Gliomastix,unspecified_saprotroph,,,,,,,,,,filamentous_mycelium,,,,
AAGTCGTAACAAGGTTTCCGTAGGTGAACCTGCGGAAGGATCATTAACGAGAGTTGCCTCCGGGCATACCTCCCACCCTCTGTATACCTTACTGTTGCTTTGGCAGGCCCGTCCTCGGACCGCCGGCTTCGGCTGGCCCGCGCCTGCCAGAGGACCCCCAACTCTGTTCTAACATGTCGTCTGAGTAAAATTTAATTGTCAAAACTTTCAACAACGGATCTCTTGGTTCTGGCATC,2.617259309,-4.615653595,1.941262523,-2.377655541,0.017423093,0.08052951,NA,NA,NA,NA,NA,NA,NA,NA,NA,NA,NA,NA,NA,NA,NA,NA,NA,NA,,
AAGTCGTAACAAGGTTTCCGTAGGTGAACCTGCGGAAGGATCATTACTGAGTGAGGGCCCTTTGGGTCCAACCTCCCACCCGTGTCTATTGTACCATGTTGCTTCGGCAGGCCCGCCTCACGGCCGCCGGGGGCTTCTGCCCCGGGCCTGCGCCTGCCGAAGACCCTCTGAACGCTGTCTGAAGATTGCAGTCTGAGTGAAAACACAAAAATTATTTAAAACTTTCAACAACGGATCTCTTGGTTCCGGCATC,1.521396607,-3.646990459,1.534996092,-2.375895599,0.017506415,0.08052951,Ascomycota,Eurotiomycetes,Eurotiales,Aspergillaceae,Penicillium,unspecified_saprotroph,foliar_endophyte,"toxin-producing,animal_parasite_some_species,mycoparasite_some_species",foliar_endophyte,,soil,mold,partly_aquatic,opportunistic_human_parasite,,filamentous_mycelium,,,,
AAGTCGTAACAAGGTCTCCGTTGGTGAACCAGCGGAGGGATCATTACCGAGTTTTCAACTCCCAAACCCCTGTGAACATACCATGTTGCTTCGGCGGATCACCCCAAGCCCCTCGGGGCGCGGGGCCGCCAGAGGACCCAAAACTCAACTGTATTTTTTGTATCAAAACGTATTCTGAGTGGAATTTTAAATAAATCAAAACTTTCAACAACGGATCTCTTGGCTCTGGCATC,2.057421485,-4.263025221,1.699596974,-2.508256537,0.012132855,0.069763914,Ascomycota,Sordariomycetes,Hypocreales,Nectriaceae,Thelonectria,litter_saprotroph,,,,,leaf/fruit/seed,,,,,filamentous_mycelium,"perithecium_(hymenium_hidden,_narrow_opening)",closed,,
AAGTCGTAACAAGGTTTCCGTAGGTGAACCTGCGGAAGGATCATTAACAAATCATTTGTATGGGAAACCATACATATTTACCCCAAGCCTAGGATGTGCTTCGGCGCAACACTGGGCTTTGGTTGGGCTGCGCTCATTCGTGAGTGCGGCTCCGGCATGTATGCTTCGGTGTACTAGCCACATAGACGCTTGTATGTTTGACAGTTTTAGTTGCTTTTAAAAATGACAACTTTTAACAATGGATCTCTTGGCTCTTGCAAC,2.659497128,-4.624879983,1.989004491,-2.325223499,0.020060012,0.089712833,NA,NA,NA,NA,NA,NA,NA,NA,NA,NA,NA,NA,NA,NA,NA,NA,NA,NA,,
,,,,,,,,,,,,,,,,,,,,,,,,,,
Channel Islands National Park (CINP) [Bulk soil versus Endosphere],,,,,,,,,,,,,,,,,,,,,,,,,,
ASV,baseMean,log2FoldChange,lfcSE,stat,pvalue,padj,Phylum,Class,Order,Family,Genus,Guild,Secondary_lifestyle,Comment_on_lifestyle_template,Endophytic_interaction_capability_template,Plant_pathogenic_capacity_template,Decay_substrate_template,Decay_type_template,Aquatic_habitat_template,Animal_biotrophic_capacity_template,Specific_hosts,Growth_form_template,Fruitbody_type_template,Hymenium_type_template,,
AAGTCGTAACAAGGTTTCCGTAGGTGAACCTGCGGAAGGATCATTACCGAGTGAGGGTCCCTTGCGGGCCCAACCTCCCACCCGTGTTTAACTGTACCGTGTTGCTTCGGCGGGCCCACCGGGGGCCCTGTTCCTGGTCGCCTGGGGGCGTGAAACCCCCCGGGCCCGCGCCCGCCGGAGACCCCATTGAACCCTGAGTGAATCGAGTGTCTGAGTGTGATTTTTAATCATTAAAACTTTCAACAACGGATCTCTTGGTTCCGGCATC,153.7532936,-2.753564162,0.935287563,-2.944082943,0.003239132,0.03925949,Ascomycota,Eurotiomycetes,Eurotiales,Trichocomaceae,Sagenomella,unspecified_saprotroph,,"rock-inhabiting_some_species,animal_parasite_some_species",,,,mold,,opportunistic_human_parasite,,filamentous_mycelium,,,,
AAGTCGTAACAAGGTTTCCGTAGGTGAACCTGCGGAAGGATCATTCATAATAAGTGTTTTATGGCACTTTTTAAATCCATATCCACCTTGTGTGCAATGTCGGTCGATCTTCTTCATGGAGATCGACCAAACATCAACCTTTATCTTTTAACTCTTTGTCTGAAAAATATTATGAATAAACAATTCAAAATACAACTTTCAACAACGGATCTCTTGGCTCTCGCATC,106.1353593,-2.935195245,0.899839721,-3.261908956,0.001106647,0.021974844,Mortierellomycota,Mortierellomycetes,Mortierellales,Mortierellaceae,Mortierella,soil_saprotroph,root-associated,,root-associated,root-associated,"roots,soil",chitinolytic,partly_aquatic,opportunistic_human_parasite,,filamentous_mycelium,none,none,,
AAGTCGTAACAAGGTTTCCGTAGGTGAACCTGCGGAAGGATCATTACCGAGTGAGGGCCCTCTGGGTCCAACCTCCCACCCGTGTTTATCGTACCTTGTTGCTTCGGCGGGCCCGCCTCACGGCCGCCGGGGGGCATCCGCCCCCGGGCCCGCGCCCGCCGAAGACACCATTGAACGCTGTCTGAAGATTGCAGTCTGAGCATCTTAGCTAAATCAGTTAAAACTTTCAACAACGGATCTCTTGGTTCCGGCATC,19.28096418,-3.783409114,1.397344464,-2.707570833,0.006777761,0.062807248,Ascomycota,Eurotiomycetes,Eurotiales,Aspergillaceae,Penicillium,unspecified_saprotroph,foliar_endophyte,"toxin-producing,animal_parasite_some_species,mycoparasite_some_species",foliar_endophyte,,soil,mold,partly_aquatic,opportunistic_human_parasite,,filamentous_mycelium,,,,
AAGTCGTAACAAGGTTTCCGTAGGTGAACCTGCGGAAGGATCATTAAAGAGACGTTGCCCTTCGGGGTATACCTCCCACCCTTTGTTTACCGTACCTTTGTTGCTTTGGCAGGCCCGTCTTCGGACCGCCGGCTTCGGCTGGTCTGCGCCTGCCAGAGGACCCAAAACTCTGTCTGTCTGTGTCGTCTGAGTACTATATAATAGTTAAAACTTTCAACAACGGATCTCTTGGTTCTGGCATC,77.77924347,-4.054851644,1.042617481,-3.889107672,0.000100613,0.005676984,NA,NA,NA,NA,NA,NA,NA,NA,NA,NA,NA,NA,NA,NA,NA,NA,NA,NA,,
AAGTCGTAACAAGGTTTCCGTAGGTGAACCTGCGGAAGGATCATTAGTGAATTTGTAGCCTCCAAGGCTCACATTCTCTATCCTTTACACACCTGTGCACCCTTCTGAAGCGGAGAGTTATTAGGCATTAGCCGAGCGCCTCCCTTCGGTTATTATATCAACCTCAAACTACGTTTACTAGAATGTATACCGTCTTGTTGTAACGACAAGTACAATCCAATAAAACTTTCAGCAACGGATCTCTTGGCTCAGGCATC,14.58945934,-7.226256757,2.952634586,-2.447392844,0.014389391,0.096902251,Basidiomycota,Geminibasidiomycetes,Geminibasidiales,Geminibasidiaceae,Geminibasidium,soil_saprotroph,,extremophile_xerophile_and_heat_resistant,,,soil,,non-aquatic,,,filamentous_mycelium,none,none,,
AAGTCGTAACAAGGTTTTCGTAGGTGAACCTGCGGAAGGATCATTACAGAGCTGCGACTCCCTCGGGAGCCATCTCCACCCCTTGACTACCAAATATTGTTGCTTTGGCGGGCCGCGGCCCTGCCGCCGCCGGCCCCGGCTGGCGAGCGCCCGCCAGAGGCTTTTAAAATCTTGCTTGCAATGAGTCTGAGCGATACAAAAAATGCGAAAAACTTTCAACAACGGATCTCTTGGTTCTGGCATC,15.22038769,5.633990343,1.866692354,3.018167579,0.002543082,0.03925949,Ascomycota,Lecanoromycetes,Ostropales,Stictidaceae,Cryptodiscus,lichen_parasite,fungal_decomposer,saprotroph_unspecified_some_species,,,"fungal_material,algal_material",,non-aquatic,,,filamentous_mycelium,apothecium_(hymenium_on_surface),smooth,,
AAGTCGTAACAAGGTCTCCGTTGGTGAACCAGCGGAGGGATCATTACCGAGTTATACAACTCCCAAACCCATGTGAACTTACCTGTCGTTGCTTCGGCGGACCGCCCCGGGGCCCATCGGCCCCGGATCCACGGCGCCCGCCGGGGGCTCGAAAGACTCTTGTTTTTTTCTACGCAGACTTCTGAGTGGCATTTATTACAAATAAATAAAAACTTTCAACAACGGATCTCTTGGTTCTGGCATC,32.44845369,-2.505421524,1.026321495,-2.441166375,0.014639908,0.096902251,Ascomycota,Sordariomycetes,Hypocreales,Bionectriaceae,Acremonium,unspecified_saprotroph,foliar_endophyte,hypervariable,foliar_endophyte,leaf/fruit/seed_pathogen,"leaf/fruit/seed,soil,dung,animal_material",soft_rot,partly_aquatic,,,filamentous_mycelium,,,,
AAGTCGTAACAAGGTTTCCGTAGGTGAACCTGCGGAAGGATCATTAACGAATATAATTCGGAGGGGCTGTAGCTGGCCTTGGAAACGAGGCATGTGCACGCTCTTTTGTTTTTCACAACTCACCTGTGCACCTAATGTAGGATGCCTCTCTTTCGGGAGGGGGGACCTATGTCTTCATATGCCTCTTCGTGTAGAAAGTCTTAGAATGTTTACTATCAGAGAGTCGCGACTTCTAGGAGACGCGAATCTCTGAGATAAAAGTTAATTACAACTTTCAGCAATGGATCTCTTGGCTCTCGCATC,2.845297089,21.617705,2.946338053,7.337143469,2.18E-13,3.03E-11,Basidiomycota,Agaricomycetes,Boletales,Rhizopogonaceae,Rhizopogon,ectomycorrhizal,,,,,,,non-aquatic,,Pinaceae,filamentous_mycelium,gasteroid,closed,,
AAGTCGTAACAAGGTCTCCGTTGGTGAACCAGCGGAGGGATCATTGCTGGAACGCGCTTCGGCGCACCCAGAAACCCTTTGTGAACTTATACCTTACTGTTGCCTCGGCGCAGGCCGGCCTCACTGAGGCCCCTCGGAAACGAGGAGCAGCCCGCCGGCGGCCAACCAAACTCTTGTTTCTTAGTGAATCTCTGAGTAAAAAACATAAATGAATCAAAACTTTCAACAACGGATCTCTTGGTTCTGGCATC,28.43919865,5.287333019,1.454259078,3.635757274,0.000277165,0.009631491,Ascomycota,Sordariomycetes,Diaporthales,Diaporthaceae,Diaporthe,plant_pathogen,litter_saprotroph,,foliar_endophyte,leaf/fruit/seed_pathogen,leaf/fruit/seed,,partly_aquatic,,,filamentous_mycelium,"perithecium_(hymenium_hidden,_narrow_opening)",closed,,
AAGTCGTAACAAGGTTTCCGTAGGTGAACCTGCGGAAGGATCATTCATAATCAAGTGTTTTTATGGCACTTTCAAAAATCCATATCCACCTTGTGTGCAATGTCATCTCTCTGGGGGCTGCCGGCTGTCAAAAGCCGTGTGGTCACCTTTGGGATTTATATCTACTCAGAACTTTAGTGATTTTGTCTGAAACATATTATGAATACTTAATTCAAAATACAACTTTCAACAACGGATCTCTTGGCTCTCGCATC,13.04878623,-3.067557849,1.142850552,-2.684128598,0.007271913,0.063174743,Mortierellomycota,Mortierellomycetes,Mortierellales,Mortierellaceae,Mortierella,soil_saprotroph,root-associated,,root-associated,root-associated,"roots,soil",chitinolytic,partly_aquatic,opportunistic_human_parasite,,filamentous_mycelium,none,none,,
AAGTCGTAACAAGGTTTCCGTAGGTGAACCTGCGGAAGGATCATTCATAATAAGTGTTTTATGGCACTTTTTAAATCCATATCCACCTTGTGTGCAATGTCAGTCGATCTTCTTCATGGAGATCGACCAAACATCAACCTTTATTTTTTAACTCTTTGTCTGAAAAATATTATGAATAAACAATTCAAAATACAACTTTCAACAACGGATCTCTTGGCTCTCGCATC,22.3256544,-4.382328219,1.140928661,-3.841018608,0.000122525,0.005676984,Mortierellomycota,Mortierellomycetes,Mortierellales,Mortierellaceae,Mortierella,soil_saprotroph,root-associated,,root-associated,root-associated,"roots,soil",chitinolytic,partly_aquatic,opportunistic_human_parasite,,filamentous_mycelium,none,none,,
AAGTCGTAACAAGGTCTCCGTTGGTGAACCAGCGGAGGGATCATTACCGAGTTTACAACTCCCAAACCCCTGTGAACATACCACTTGTTGCCTCGGCGGATCAGCCCGCTCCCGGTAAAACGGGACGGCCCGCCAGAGGACCCCTAAACTCTGTTTCTATATGTAACTTCTGAGTAAAACCATAAATAAATCAAAACTTTCAACAACGGATCTCTTGGTTCTGGCATC,9.332903709,-6.948175584,2.545268373,-2.729840066,0.006336506,0.062807248,NA,NA,NA,NA,NA,NA,NA,NA,NA,NA,NA,NA,NA,NA,NA,NA,NA,NA,,
AAGTCGTAACAAGGTTTCCGTAGGTGAACCTGCGGAAGGATCATTACTGAGTTACTGGGTTGGTATTCATACCTCCCGTACTCCCACCCTTTGCTTACCTACCATTGTTGCCTCGGCGGGCCTGCGGCCCGCTCCGCTGCCGGCCTAGGCTGGCTAGCGCCCGCCAGAGGACCTAACAAACTCTATTTTAACGTGTCGTCTGAGTAAAACTTCAATAAATTAAAACTTTCAACAACGGATCTCTTGGTTCTGGCATC,9.555606635,-3.931835908,1.10094013,-3.571343984,0.000355154,0.009873284,Ascomycota,Dothideomycetes,Dothideomycetes order incertae sedis,Dothideomycetes family incertae sedis,Pseudoarthrographis,plant_pathogen,,,,leaf/fruit/seed_pathogen,,,,,,filamentous_mycelium,,,,
AAGTCGTAACAAGGTCTCCGTTGGTGAACCAGCGGAGGGATCATTATAGAGTTCTAAACTCCAAACCTTTGTGAACATATACGTGTTGCTTCGGCGGGTTGGGGGGCCCAGCGCCCACCGTCGCCCGCCGGGGACCCAAACTCTTGCCTTCTAGCGGAATCTTCTGAGTGAAAGCAAATAAAATCAAAACTTTCAGCAACGGATCTCTTGGCTCTAGCATC,11.4647898,-6.440508248,1.937047869,-3.324909184,0.000884473,0.0204903,Ascomycota,Sordariomycetes,Hypocreales,Bionectriaceae,Acremonium,unspecified_saprotroph,foliar_endophyte,hypervariable,foliar_endophyte,leaf/fruit/seed_pathogen,"leaf/fruit/seed,soil,dung,animal_material",soft_rot,partly_aquatic,,,filamentous_mycelium,,,,
AAGTCGTAACAAGGTTTCCGTAGGTGAACCTGCGGAAGGATCATTACCGTGTGAAGGCGCTGGGGGCCCACCCCCCCGGCTCGCACACCCCCTGCGTACCCATCTCGTTGCTTCGGCGGGTCGCCCTCCCTCCGGGGGGCGGCGCTTGCCCGCCGATGGACCATCAAACCCTGGCTTTTTTGCGGTGACGTCGGAGCCACATACTTTGAAATTGATACAAAACTTTCAACGATGGATCTCTTGGTTCCAGGATC,2.739778563,5.030105561,2.037432289,2.468845511,0.013554972,0.096902251,NA,NA,NA,NA,NA,NA,NA,NA,NA,NA,NA,NA,NA,NA,NA,NA,NA,NA,,
AAGTCGTAACAAGGTCTCCGTTGGTGAACCAGCGGAGGGATCATTACAAGAAGCCGAAAGGCTACTTAAAACCATCGCGAACACGTCCAAGTTGCTTCGGCGGCGCGGTGCCCCTCACCGGGCGCCGCAGCCCGGCCTCTCCGGAGGCGTCGGGCGCCCGCCGGAGGTACGAAACTCTCCTGTATTTTAGTGGCATCTCTGAGTACAAAGCAAATAAGTCAAAACTTTCAACAACGGATCTCTTGGTTCTGGCATC,8.929647834,-4.848592148,1.6369438,-2.961978382,0.003056692,0.03925949,Ascomycota,Sordariomycetes,Coniochaetales,Coniochaetaceae,Coniochaeta,unspecified_saprotroph,foliar_endophyte,hypervariable,foliar_endophyte,leaf/fruit/seed_pathogen,"leaf/fruit/seed,soil,dung,animal_material",,non-aquatic,animal_parasite,,filamentous_mycelium,"cleistothecium_(closed,_spherical)",closed,,
AAGTCGTAACAAGGTTTCCGTAGGTGAACCTGCGGAAGGATCATTAACGAGTTAGGGTTCCTTTTGGGCCCGACCTCCCAACCCTTTGTCTACTTGACCATCGTTGCTTCGGCGAGCCCGTCCTCACGGACCGCCGGAGGGACCTTCACTGGCCCTCTGGTCCGCGCTCGTCGGTGGCCCTAACTTTAAAATCTTTAACTAAACGTGTCTTGATCTAAGCATTATTTGTTAAATAAAAGCAAAAACTTTCAACAACGGATCTCTTGGTTCTGGCATC,6.632554873,3.904823182,1.570718092,2.486011463,0.01291838,0.096902251,Ascomycota,Eurotiomycetes,Chaetothyriales,Herpotrichiellaceae,Exophiala,animal_parasite,litter_saprotroph,,root_endophyte_dark_septate,root-associated,"leaf/fruit/seed,animal_material",,partly_aquatic,animal_parasite/opportunistic_human_parasite,,dimorphic_yeast,,,,
AAGTCGTAACAAGGTTTCCGTAGGTGAACCTGCGGAAGGATCATTATCAATGGACCCTAAACAACACCGTGCACTGGGCGATAATAGCCCAAATCACAACATAATAACAGTAACAGAGTCATTTTATAGACAACTTTTAGCAACGGATCTCTAGGTTCTCGCAAC,4.978745321,-5.675152066,1.936893088,-2.93002856,0.003389309,0.03925949,NA,NA,NA,NA,NA,NA,NA,NA,NA,NA,NA,NA,NA,NA,NA,NA,NA,NA,,
AAGTCGTAACAAGGTTTCCGTAGGTGAACCTGCGGAAGGATCATTACCAAAAGATAATCTTTCCATCTCGAAAGATCTTTTCCATTGTGCTGGCTTTGACTGTATTGTCATTTTAGGGCTTAAACATGGTGTTAAGCCGGCCCTAAAAACATTATACCAACCTTATAAAAATTGACTGAACAACTAAAACAATTGATAATTTTGTTTAAAAACAACTTTCAACAACGGATCTCTTGGTTCTCGCATC,3.332873183,-4.276115724,1.625015157,-2.631431286,0.008502606,0.069521307,Mucoromycota,Umbelopsidomycetes,Umbelopsidales,Umbelopsidaceae,Umbelopsis,soil_saprotroph,root-associated,,root-associated,root-associated,"roots,soil",mold,non-aquatic,,,filamentous_mycelium,none,none,,
AAGTCGTAACAAGGTCTCCGTAGGTGAACCTGCGGAGGGATCATTACTGAGTGAGGGCCTCTGGCCCGACCTCCAACCCCATGTTATCTGACACTGTTGCCTCCGGGGCGACCCGGCCTGCCTTCGGGTGTTTCGGGGCCCCGGGTGGACCATTCAACTCTGCATCTTTGCGTCTGAGTAAATGATTGAATCAATCAAAACTTTCAACAACGGATCTCTTGGTTCTGGCATC,5.443610861,-5.202466517,1.701184464,-3.058143679,0.002227128,0.038696343,Ascomycota,Dothideomycetes,Capnodiales,Teratosphaeriaceae,Neocatenulostroma,plant_pathogen,litter_saprotroph,,,leaf/fruit/seed_pathogen,leaf/fruit/seed,,non-aquatic,,,filamentous_mycelium,"perithecium_(hymenium_hidden,_narrow_opening)",closed,,
AAGTCGTAACAAGGTCTCCGTAGGTGAACCTGCGGAGGGATCATTACCGAGTGCGGGCCCTCGCGCCCAACCTCCCAACCCTTTGTCGATTCATATCTGTTGCCTCGGGGGGCGACCCGGACGTCGTCCGGGAGTCCCCCAGAGGTCCAACCCAACACACTGCGTCTTTGCGTCGGAGTATTGAAAACAATCAATCAAAACTTTCAACAACGGATCTCTTGGTTCTGGCATC,3.879479432,-5.313381173,1.89991936,-2.796635102,0.005163782,0.055212742,Ascomycota,Dothideomycetes,Capnodiales,Teratosphaeriaceae,Devriesia,plant_pathogen,litter_saprotroph,,,leaf/fruit/seed_pathogen,leaf/fruit/seed,,non-aquatic,,,filamentous_mycelium,"perithecium_(hymenium_hidden,_narrow_opening)",closed,,
,,,,,,,,,,,,,,,,,,,,,,,,,,
All Sites [Bulk soil versus Endosphere],,,,,,,,,,,,,,,,,,,,,,,,,,
ASV,baseMean,log2FoldChange,lfcSE,stat,pvalue,padj,Pylum,Class,Order,Family,Genus,Guild,Secondary_lifestyle,Comment_on_lifestyle_template,Endophytic_interaction_capability_template,Plant_pathogenic_capacity_template,Decay_substrate_template,Decay_type_template,Aquatic_habitat_template,Animal_biotrophic_capacity_template,Specific_hosts,Growth_form_template,Fruitbody_type_template,Hymenium_type_template,,
AAGTCGTAACAAGGTTTCCGTAGGTGAACCTGCGGAAGGATCATTAGTGAACGCCCTCACGGGCTTATAACTATTCCAAACCTCTGTGAACCGTGCCCTTCGGGGCTATTTTACAAACATGGTGTAATGAACGTCATATATCATAACAAAACAAAACTTTCAACAACGGATCTCTTGGCTCTCGCATC,255.6400242,-2.216266246,0.732142236,-3.027097929,0.00246914,0.097613316,Basidiomycota,Tremellomycetes,Tremellales,Trimorphomycetaceae,Saitozyma,soil_saprotroph,,,,,soil,,partly_aquatic,,,yeast,none,none,,
AAGTCGTAACAAGGTTTCCGTAGGTGAACCTGCGGAAGGATCATTAGTGAACGCCCTCACGGGCTTATAACTATTCCAAACCTCTGTGAACCGTGCCCTTCGGGGCTATTTTACAAACATGGTGTAATGAACGTCATAAATCATAACAAAACAAAACTTTCAACAACGGATCTCTTGGCTCTCGCATC,140.9583866,-2.300431482,0.756731568,-3.039957071,0.002366119,0.097613316,Basidiomycota,Tremellomycetes,Tremellales,Trimorphomycetaceae,Saitozyma,soil_saprotroph,,,,,soil,,partly_aquatic,,,yeast,none,none,,
AAGTCGTAACAAGGTCTCCGTAGGTGAACCTGCGGAGGGATCATTACAGAGTTCATGCCCTCCGGGTAGATCTCCCACCCACTGCTATCACTACTCTCGTTGCTTTGGCGGGCCGCTGGGCCCTGCCCGGCCGCCGGCCCCGGCTGGCGCGTGCCCGCCAGAGACCTCACAGACTCTGAATGTTAGTGTCGTCCGAGTAACTATACAATCGTTAAAACTTTCAACAACGGATCTCTTGGTTCTGGCATC,113.7772607,6.4202774,1.117368019,5.745893289,9.14E-09,5.42E-06,Ascomycota,Leotiomycetes,Helotiales,Amorphothecaceae,Oidiodendron,soil_saprotroph,root_endophyte,ericoid_mycorrhizal_O._maius,root_endophyte,root-associated,soil,,partly_aquatic,,,filamentous_mycelium,,,,
AAGTCGTAACAAGGTCTCCGTAGGTGAACCTGCGGAGGGATCATTACAGAGTTCATGCCCTCCGGGTAGATCTCCCACCCATTGCTATCACTACTCTCGTTGCTTTGGCGGGCCGCTGGGCCCTGCCCGGCCGCCGGCCCCGGCTGGCGCGCGCCCGCCAGAGACCTCACAGACTCTGAATGTTAGTGTCGTCCGAGTAACTATATAATCGTTAAAACTTTCAACAACGGATCTCTTGGTTCTGGCATC,43.20120811,3.385400927,1.016623684,3.330043339,0.000868325,0.068632044,Ascomycota,Leotiomycetes,Helotiales,Amorphothecaceae,Oidiodendron,soil_saprotroph,root_endophyte,ericoid_mycorrhizal_O._maius,root_endophyte,root-associated,soil,,partly_aquatic,,,filamentous_mycelium,,,,
AAGTCGTAACAAGGTTTCCGTAGGTGAACCTGCGGAAGGATCATTCATAATAAGTGTTTTATGGCACTTTTTAAATCCATATCCACCTTGTGTGCAATGTCGGTCGATCTTCTTCATGGAGATCGACCAAACATCAACCTTTATCTTTTAACTCTTTGTCTGAAAAATATTATGAATAAACAATTCAAAATACAACTTTCAACAACGGATCTCTTGGCTCTCGCATC,20.15177769,-2.833232755,0.849208233,-3.33632276,0.000848945,0.068632044,Mortierellomycota,Mortierellomycetes,Mortierellales,Mortierellaceae,Mortierella,soil_saprotroph,root-associated,,root-associated,root-associated,"roots,soil",chitinolytic,partly_aquatic,opportunistic_human_parasite,,filamentous_mycelium,none,none,,
AAGTCGTAACAAGGTTTCCGTAGGTGAACCTGCGGAAGGATCATTACCGAGTGAGGGCCCTCTGGGTCCAACCTCCCACCCGTGTTTATCGTACCTTGTTGCTTCGGCGGGCCCGCCTCACGGCCGCCGGGGGGCATCCGCCCCCGGGCCCGCGCCCGCCGAAGACACCATTGAACGCTGTCTGAAGATTGCAGTCTGAGCATCTTAGCTAAATCAGTTAAAACTTTCAACAACGGATCTCTTGGTTCCGGCATC,27.61447899,-3.539129529,1.07976078,-3.277697797,0.001046574,0.068957583,Ascomycota,Eurotiomycetes,Eurotiales,Aspergillaceae,Penicillium,unspecified_saprotroph,foliar_endophyte,"toxin-producing,animal_parasite_some_species,mycoparasite_some_species",foliar_endophyte,,soil,mold,partly_aquatic,opportunistic_human_parasite,,filamentous_mycelium,,,,
AAGTCGTAACAAGGTTTCCGTAGGTGAACCTGCGGAAGGATCATTAAAGAGACGTTGCCCTTCGGGGTATACCTCCCACCCTTTGTTTACCGTACCTTTGTTGCTTTGGCAGGCCCGTCTTCGGACCGCCGGCTTCGGCTGGTCTGCGCCTGCCAGAGGACCCAAAACTCTGTCTGTCTGTGTCGTCTGAGTACTATATAATAGTTAAAACTTTCAACAACGGATCTCTTGGTTCTGGCATC,17.00870929,-3.801012069,1.190053355,-3.193984583,0.001403236,0.083211901,NA,NA,NA,NA,NA,NA,NA,NA,NA,NA,NA,NA,NA,NA,NA,NA,NA,NA,,
AAGTCGTAACAAGGTTTCCGTAGGTGAACCTGCGGAAGGATCATTAGTGAACGCCCTCACGGGCTTATAACTATTCCAAACCTCTGTGAACCGTGCCCTTTGGGGCTATTTTACAAACATGGTGTAATGAACGTCATATATCATAACAAAACAAAACTTTCAACAACGGATCTCTTGGCTCTCGCATC,15.20206857,-6.929056074,1.769399745,-3.916048985,9.00E-05,0.015417737,Basidiomycota,Tremellomycetes,Tremellales,Trimorphomycetaceae,Saitozyma,soil_saprotroph,,,,,soil,,partly_aquatic,,,yeast,none,none,,
AAGTCGTAACAAGGTTTCCGTAGGTGAACCTGCGGAAGGATCATTACCAAGTATAGGAAGGCCCATTCACGTGCCCGGTTATTCCAGGTGCGGAAGGGGGCCCGACCTCGAATCTCTCTCTGCGTACGACTCCCTGTTGCTTCCCCGGGAGGGCGACATGCCACCCGGGGAAGGGCCCCCCCCCTGAGAGCACAACGATGCCGACAAATGCACCTGTAGAACTCACCACCCCGGCCGTCTGATGCCCGGCGCACCGATCAGGGCGCAGGGAGCCAGGACGTGGACCGCAAACGGATAGAAAAAACTTTCAACAACGGATCTCTTGGTTCCCGCATC,16.55309668,-7.280012798,2.076968055,-3.50511544,0.000456409,0.054130147,Ascomycota,Pezizomycetes,Pezizales,Helvellaceae,Helvella,ectomycorrhizal,,,,,,,non-aquatic,,,filamentous_mycelium,apothecium_(hymenium_on_surface),smooth,,
AAGTCGTAACAAGGTTTCCGTAGGTGAACCTGCGGAAGGATCATTACCGAGTGAGGGTTCCTTGCGAGCCCAACCTCCCACCCGTGTTTAACTATACCGTGTTGCTTCGGCGGGCCCACTGGGGCCCGTTCCTGGTCGCCTGGGGGCGTGAAACCCCCCGGGCCCGTGCCCGCCGGAGACCCCTTGAACCCTGAGTGAATCGAGTGTCGTCTGAGTTTGAGTTAAATCATTAAAACTTTCAACAACGGATCTCTTGGTTCCGGCATC,5.502637357,-5.502944699,1.661453563,-3.312126695,0.000925896,0.068632044,Ascomycota,Eurotiomycetes,Eurotiales,Trichocomaceae,Sagenomella,unspecified_saprotroph,,"rock-inhabiting_some_species,animal_parasite_some_species",,,,mold,,opportunistic_human_parasite,,filamentous_mycelium,,,,
AAGTCGTAACAAGGTTTCCGTAGGTGAACCTGCGGAAGGATCATTACAAGTGAGGCTACCGAACGTTGGAAACAGCGGTTAGGAGCTTACACCCACCCGTGTTTACATACTATTGTTGCTTTGGCGGGCCGTGGCCTCCACTGCGGGCTCTGCTCGTGTGTGCCCGCCAGAGAACCAAACTCTGAATGTTAGTGATGTCTGAGTACTATCTAATAGTTAAAACTTTCAACAACGGATCTCTTGGTTCTGGCATC,12.22872492,4.443381182,1.041702789,4.265498017,1.99E-05,0.005913894,Ascomycota,Leotiomycetes,Helotiales,Mollisiaceae,Phialocephala,soil_saprotroph,root_endophyte,,root_endophyte_dark_septate,root-associated,"roots,soil",,non-aquatic,,,filamentous_mycelium,apothecium_(hymenium_on_surface),smooth,,
AAGTCGTAACAAGGTTTCCGTAGGTGAACCTGCGGAAGGATCATTATAGTGAAAAGCTATAGACTTGGTGTCTAAGGATGAAACCATAAAGGTTAATCCTACACCGCCCAACCTTGTTAATAAATTTAACGTTACCTCGGTAGGTTAGCCTGCCGGTGGACAATTTAAAAACCTTTTTAAACATACCTGTAAATACATTTGTCTGATAATTTTTAAAATAAAATTAAAACTTTCAACAACGGATCTCTTGGTTCTGGCATC,5.532481377,3.557831552,0.916714269,3.881069239,0.000103998,0.015417737,NA,NA,NA,NA,NA,NA,NA,NA,NA,NA,NA,NA,NA,NA,NA,NA,NA,NA,,
AAGTCGTAACAAGGTCTCCGTAGGTGAACCTGCGGAGGGATCATTACAGAGAACATCGCCCTCACGGGTGACTCTCCAACCCTATGTTAATACAACCTTTGTTGCTTTGGCGAGCCGCCTCGGCCACCGGCACCTCGCTGGTGAGTGCTCGCCAGAGGACCCCAAACCCTGAATATTAGTGTCGTCTGAGTACTATATAATAGTTAAAACTTTCAACAACGGATCTCTTGGTTCTGGCATC,4.06767533,4.141263482,1.330986869,3.111423245,0.001861879,0.092007839,Ascomycota,Leotiomycetes,Helotiales,Hamatocanthoscyphaceae,Xenopolyscytalum,litter_saprotroph,foliar_endophyte,,foliar_endophyte,,leaf/fruit/seed,,non-aquatic,,,filamentous_mycelium,,,,
AAGTCGTAACAAGGTTTCCGTAGGTGAACCTGCGGAAGGATCATTAGTGAATTGAATATGTTAGCGGACCTCTTCGGAGTCCCTAGCATCAAATCATATCCATAACACCTGTGAACTGTAAGGCTGTCTTGAAAACGAAAGTGATTAGAGCGCCTGCCCATTTTATACAAACATTAAAGTAACAAACGTAGTCTTATTATAATCTAATAAAACTTTCAACAACGGATCTCTTGGCTCTCGCATC,4.468803801,-2.179026229,0.716533233,-3.04106792,0.002357406,0.097613316,Basidiomycota,Tremellomycetes,Filobasidiales,Piskurozymaceae,Solicoccozyma,soil_saprotroph,epiphyte,,,,soil,,partly_aquatic,,,yeast,none,none,,
AAGTCGTAACAAGGTTTCCGTAGGTGAACCTGCGGAAGGATCATTACCAATCTTTAGTGAGCCTTGGCTTTGTCCATGGTTCGCAAAACTTGTATTTAAAACCCGCTCATAAATTTTTAAAACATTTTTGTTATTATTATAATAAAGATCACTTTCAACAACGGATCTCTTGGCTCTCGCATC,6.227287907,4.603908106,1.458562017,3.156470587,0.00159691,0.086087962,NA,NA,NA,NA,NA,NA,NA,NA,NA,NA,NA,NA,NA,NA,NA,NA,NA,NA,,
[Bulk soil versus Rhizosphere],,,,,,,,,,,,,,,,,,,,,,,,,,
Point Reyes National Park (PRNS) [Bulk soil versus Rhizosphere],,,,,,,,,,,,,,,,,,,,,,,,,,
ASV,baseMean,log2FoldChange,lfcSE,stat,pvalue,padj,Phylum,Class,Order,Family,Genus,Guild,Secondary_lifestyle,Comment_on_lifestyle_template,Endophytic_interaction_capability_template,Plant_pathogenic_capacity_template,Decay_substrate_template,Decay_type_template,Aquatic_habitat_template,Animal_biotrophic_capacity_template,Specific_hosts,Growth_form_template,Fruitbody_type_template,Hymenium_type_template,,
AAGTCGTAACAAGGTTTCCGTAGGTGAACCTGCGGAAGGATCATTATTGAAATAAAACTCGGGCAGGGGGAGGTGGTTGTAGCTGGCCCCTAGGGGCATGTGCACACTGTCTCTCTCTTGCTTGTTTTTTTCATTCTTTCCACTTGTGCACTGCTTGTAGGCAGCCTGGCACTGTTCAGGTTGTCTATGATTTTCTTTACATACATGAATCATTGTTGTACAGAATGTGATAAAAAAGAGTAATACAACTTTCAACAACGGATCTCTTGGCTCTCGCATC,12.19750331,23.29797908,2.926401517,7.961306387,1.70E-15,1.20E-12,Basidiomycota,Agaricomycetes,Agaricales,Amanitaceae,Amanita,ectomycorrhizal,,,,,,,non-aquatic,,,filamentous_mycelium,agaricoid,gills,,
AAGTCGTAACAAGGTTTCCGTAGGTGAACCTGCGGAAGGATCATTATCGTACAATGGAGGTGCTGGGGTTGTCGCTGACCTTTGAAAGGGTCGTGCACGCCTCGGTGCTTTCACACATAATCCATCTCACCCCTTTTGTGCATCACCGCGTGGGGGTCCCTTTTAGCTAGTTCTGAAGGGGGCTTTCATGTTTTTACAAACACACCCTTTTAATGCAATATGTAGAATGTCTTACTTTTTGCGATCACACGCAATCAATACAACTTTCAACAACGGATCTCTTGGCTCTCGCATC,6.847686496,22.48872886,2.92700201,7.683195565,1.55E-14,5.45E-12,Basidiomycota,Agaricomycetes,Russulales,Russulaceae,Russula,ectomycorrhizal,,,,,,,non-aquatic,,,filamentous_mycelium,agaricoid,gills,,
,,,,,,,,,,,,,,,,,,,,,,,,,,
Channel Isalnds National Park (CINP) [Bulk soil versus Rhizosphere],,,,,,,,,,,,,,,,,,,,,,,,,,
ASV,baseMean,log2FoldChange,lfcSE,stat,pvalue,padj,Phylum,Class,Order,Family,Genus,Guild,Secondary_lifestyle,Comment_on_lifestyle_template,Endophytic_interaction_capability_template,Plant_pathogenic_capacity_template,Decay_substrate_template,Decay_type_template,Aquatic_habitat_template,Animal_biotrophic_capacity_template,Specific_hosts,Growth_form_template,Fruitbody_type_template,Hymenium_type_template,,
AAGTCGTAACAAGGTTTCCGTAGGTGAACCTGCGGAAGGATCATTACAGAAAGTAAACGCGGATCAAACCGCGAACTTTTAAACCTTTGACGATCGACTCATGTTGCCTCGGCGGGTTCTCCCGCCAGAGGATACATCAAAACTCCTGTTTTAACGGTGTTGTCTGAGCTACAAGCAACGAATCAAAACTTTCAACAACGGATCTCTTGGTTCTGGCATC,11.3346769,23.77384471,2.955745532,8.04326504,8.75E-16,7.55E-13,Ascomycota,Dothideomycetes,Gloniales,Gloniaceae,Cenococcum,ectomycorrhizal,,,,,,,non-aquatic,,,filamentous_mycelium,None,none,,
[Endosphere versus Rhizosphere],,,,,,,,,,,,,,,,,,,,,,,,,,
Point Reyes National Seashore (PRNS) [Endosphere versus Rhizosphere],,,,,,,,,,,,,,,,,,,,,,,,,,
ASV,baseMean,log2FoldChange,lfcSE,stat,pvalue,padj,Phylum,Class,Order,Family,Genus,Guild,Secondary_lifestyle,Comment_on_lifestyle_template,Endophytic_interaction_capability_template,Plant_pathogenic_capacity_template,Decay_substrate_template,Decay_type_template,Aquatic_habitat_template,Animal_biotrophic_capacity_template,Specific_hosts,Growth_form_template,Fruitbody_type_template,Hymenium_type_template,,
AAGTCGTAACAAGGTTTCCGTAGGTGAACCTGCGGAAGGATCATTATCGAATTAAACTTGAAGCAGGTTGTTGCTGGCTCTCCTTCGAGCGCATGTGCACGCTTGTTTCTCTTTATTTCTCCAACTGTGCACAATTTGTAGACTGTTTTGAGGATTTATTTCCCTTGGTCTATGCTTTCACAATCTCTGAATGTAATGTAGAATGCTTTTGAATCTGGGGAATAATACATACAACTTTCAGCAACGGATCTCTTGGCTCTCGCATC,27.34154823,23.34290084,2.940888657,7.937363011,2.07E-15,5.44E-13,Basidiomycota,Agaricomycetes,Agaricales,Inocybaceae,Inocybe,ectomycorrhizal,,,,,,,non-aquatic,,,filamentous_mycelium,agaricoid,gills,,
AAGTCGTAACAAGGTTTCCGTAGGTGAACCTGCGGAAGGATCATTACCGAACCGTCGACACGAGTTGTTGCTGGTCCTCGAAAGGGGGCACGTGCACACTCTGTTTACACATCCACTCACACCTGTGCACTCTCTGTAGTTCTATGGCCTTGGGGACTCTGTCCTCTTGCTGTGGTCCTACATCTTTACACACACACTGTAATAAAGTTCATGGAATGTATGTCGCGTTTAACGCAATACAATACAACTTTCAGCAACGGATCTCTTGGCTCTCGCATC,7.106855388,21.46538224,2.941737461,7.296838188,2.95E-13,4.61E-11,Basidiomycota,Agaricomycetes,Thelephorales,Thelephoraceae,Tomentella,ectomycorrhizal,,,,,,,non-aquatic,,,filamentous_mycelium,corticioid,smooth,,
AAGTCGTAACAAGGTTTCCGTAGGTGAACCTGCGGAAGGATCATTACTGAACTGTCGACACGAGTTGTTGCTGGTCCTCGAAAGGGGGCATGTGCACGCTCTGTTTACACATCCACTCACACCTGTGCACCCTCTGTAGTTCTGTGGCCTTGGGGACTCCCGTCCTCTTGCTGCGGTCCTACGTCTTTACACACACACCGTAATACAGTCTCATGGAATGTATGTCGCGTTTAACGCAATACAATTACAACTTTCAGCAACGGATCTCTTGGCTCTCGCATC,53.4371165,-26.35628459,2.933920947,-8.983297461,2.63E-19,1.38E-16,Basidiomycota,Agaricomycetes,Thelephorales,Thelephoraceae,Tomentella,ectomycorrhizal,,,,,,,non-aquatic,,,filamentous_mycelium,corticioid,smooth,,
AAGTCGTAACAAGGTTTCCGTAGGTGAACCTGCGGAAGGATCATTATCGTACAATGGAGGTGCTGGGGTTGTCGCTGACCTTTGAAAGGGTCGTGCACGCCTCGGTGCTTTCACACATAATCCATCTCACCCCTTTTGTGCATCACCGCGTGGGGGTCCCTTTTAGCTAGTTCTGAAGGGGGCTTTCATGTTTTTACAAACACACCCTTTTAATGCAATATGTAGAATGTCTTACTTTTTGCGATCACACGCAATCAATACAACTTTCAACAACGGATCTCTTGGCTCTCGCATC,6.76434325,21.39770344,2.941795482,7.273688321,3.50E-13,4.61E-11,Basidiomycota,Agaricomycetes,Russulales,Russulaceae,Russula,ectomycorrhizal,,,,,,,non-aquatic,,,filamentous_mycelium,agaricoid,gills,,
,,,,,,,,,,,,,,,,,,,,,,,,,,
Channel Isalnds National Park (CINP) [Endosphere versus Rhizosphere],,,,,,,,,,,,,,,,,,,,,,,,,,
ASV,baseMean,log2FoldChange,lfcSE,stat,pvalue,padj,Phylum,Class,Order,Family,Genus,Guild,Secondary_lifestyle,Comment_on_lifestyle_template,Endophytic_interaction_capability_template,Plant_pathogenic_capacity_template,Decay_substrate_template,Decay_type_template,Aquatic_habitat_template,Animal_biotrophic_capacity_template,Specific_hosts,Growth_form_template,Fruitbody_type_template,Hymenium_type_template,,
AAGTCGTAACAAGGTCTCCGTTGGTGAACCAGCGGAGGGATCATTGCTGGAACGCGCTTCGGCGCACCCAGAAACCCTTTGTGAACTTATACCTTACTGTTGCCTCGGCGCAGGCCGGCCTCACTGAGGCCCCTCGGAAACGAGGAGCAGCCCGCCGGCGGCCAACCAAACTCTTGTTTCTTAGTGAATCTCTGAGTAAAAAACATAAATGAATCAAAACTTTCAACAACGGATCTCTTGGTTCTGGCATC,42.85958945,-7.100412858,1.477387015,-4.806061502,1.54E-06,0.000556466,Ascomycota,Sordariomycetes,Diaporthales,Diaporthaceae,Diaporthe,plant_pathogen,litter_saprotroph,,foliar_endophyte,leaf/fruit/seed_pathogen,leaf/fruit/seed,,partly_aquatic,,,filamentous_mycelium,"perithecium_(hymenium_hidden,_narrow_opening)",closed,,
,,,,,,,,,,,,,,,,,,,,,,,,,,
All Sites [Endosphere versus Rhizosphere],,,,,,,,,,,,,,,,,,,,,,,,,,
ASV,baseMean,log2FoldChange,lfcSE,stat,pvalue,padj,Phylum,Class,Order,Family,Genus,Guild,Secondary_lifestyle,Comment_on_lifestyle_template,Endophytic_interaction_capability_template,Plant_pathogenic_capacity_template,Decay_substrate_template,Decay_type_template,Aquatic_habitat_template,Animal_biotrophic_capacity_template,Specific_hosts,Growth_form_template,Fruitbody_type_template,Hymenium_type_template,,
AAGTCGTAACAAGGTTTCCGTAGGTGAACCTGCGGAAGGATCATTATCGAATTAAACTTGAAGCAGGTTGTTGCTGGCTCTCCTTCGAGCGCATGTGCACGCTTGTTTCTCTTTATTTCTCCAACTGTGCACAATTTGTAGACTGTTTTGAGGATTTATTTCCCTTGGTCTATGCTTTCACAATCTCTGAATGTAATGTAGAATGCTTTTGAATCTGGGGAATAATACATACAACTTTCAGCAACGGATCTCTTGGCTCTCGCATC,3.561372389,23.4288271,2.898338466,8.083537299,6.29E-16,1.17E-12,Basidiomycota,Agaricomycetes,Agaricales,Inocybaceae,Inocybe,ectomycorrhizal,,,,,,,non-aquatic,,,filamentous_mycelium,agaricoid,gills,,